{
  "samples": 24,
  "retrieval_hit_rate": 0.75,
  "mean_token_f1": 0.7050057870370371,
  "judge_accuracy": 0.7083333333333334,
  "mean_judge_score": 3.6666666666666665,
  "ragas": {
    "skipped": "Set RUN_RAGAS=1 to enable the slower Ragas pass."
  }
}
